{"cameraMode":{"drawMode":0,"name":"Shaded","section":"Shading Mode"},"sceneLighting":false,"audioPlay":false,"sceneViewState":{"m_AlwaysRefresh":false,"showFog":true,"showSkybox":true,"showFlares":true,"showImageEffects":true,"showParticleSystems":true,"showVisualEffectGraphs":true,"m_FxEnabled":true},"in2DMode":false,"pivot":{"x":-41.88106155395508,"y":22.836009979248048,"z":47.212196350097659},"rotation":{"x":-0.2773618996143341,"y":0.03134441748261452,"z":-0.0046500228345394138,"w":-0.9612769484519959},"size":5.216220855712891,"orthographic":false}