{"cameraMode":{"drawMode":0,"name":"Shaded","section":"Shading Mode"},"sceneLighting":false,"audioPlay":false,"sceneViewState":{"m_AlwaysRefresh":false,"showFog":true,"showSkybox":false,"showFlares":true,"showImageEffects":true,"showParticleSystems":true,"showVisualEffectGraphs":true,"m_FxEnabled":true},"in2DMode":false,"pivot":{"x":-24.549999237060548,"y":0.9700000286102295,"z":-56.79999923706055},"rotation":{"x":-0.06357540935277939,"y":-0.18363742530345918,"z":0.01244817953556776,"w":-0.9810736179351807},"size":2.3174843788146974,"orthographic":false}