{"cameraMode":{"drawMode":0,"name":"Shaded","section":"Shading Mode"},"sceneLighting":true,"audioPlay":false,"sceneViewState":{"m_AlwaysRefresh":false,"showFog":true,"showSkybox":false,"showFlares":true,"showImageEffects":true,"showParticleSystems":true,"showVisualEffectGraphs":true,"m_FxEnabled":true},"in2DMode":false,"pivot":{"x":85.76016235351563,"y":10.159513473510743,"z":-0.7845649719238281},"rotation":{"x":-0.22831015288829804,"y":0.09087888896465302,"z":-0.021405618637800218,"w":-0.9693735837936401},"size":38.11394500732422,"orthographic":false}