{"cameraMode":{"drawMode":0,"name":"Shaded","section":"Shading Mode"},"sceneLighting":false,"audioPlay":false,"sceneViewState":{"m_AlwaysRefresh":false,"showFog":true,"showSkybox":false,"showFlares":true,"showImageEffects":true,"showParticleSystems":true,"showVisualEffectGraphs":true,"m_FxEnabled":true},"in2DMode":false,"pivot":{"x":-0.10253559052944184,"y":2.804349899291992,"z":0.4414029121398926},"rotation":{"x":-0.061735909432172778,"y":-0.027676617726683618,"z":0.0023213860113173725,"w":-0.9978022575378418},"size":1.7592612504959107,"orthographic":false}