{"cameraMode":{"drawMode":0,"name":"Shaded","section":"Shading Mode"},"sceneLighting":false,"audioPlay":false,"sceneViewState":{"m_AlwaysRefresh":false,"showFog":true,"showSkybox":false,"showFlares":true,"showImageEffects":true,"showParticleSystems":true,"showVisualEffectGraphs":true,"m_FxEnabled":true},"in2DMode":false,"pivot":{"x":-24.58068084716797,"y":14.972180366516114,"z":-0.18092727661132813},"rotation":{"x":0.21231631934642793,"y":0.0911327600479126,"z":-0.019394326955080034,"w":0.972934901714325},"size":2.3397531509399416,"orthographic":false}