{"cameraMode":{"drawMode":0,"name":"Shaded","section":"Shading Mode"},"sceneLighting":false,"audioPlay":false,"sceneViewState":{"m_AlwaysRefresh":false,"showFog":true,"showSkybox":false,"showFlares":true,"showImageEffects":true,"showParticleSystems":true,"showVisualEffectGraphs":true,"m_FxEnabled":false},"in2DMode":false,"pivot":{"x":-22.34000015258789,"y":2.5910000801086427,"z":-57.349998474121097},"rotation":{"x":0.20957425236701966,"y":0.10806776583194733,"z":-0.028898587450385095,"w":0.9719464778900147},"size":2.872281312942505,"orthographic":false}