{"cameraMode":{"drawMode":0,"name":"Shaded","section":"Shading Mode"},"sceneLighting":false,"audioPlay":false,"sceneViewState":{"m_AlwaysRefresh":false,"showFog":true,"showSkybox":false,"showFlares":true,"showImageEffects":true,"showParticleSystems":true,"showVisualEffectGraphs":true,"m_FxEnabled":true},"in2DMode":false,"pivot":{"x":-21.91582679748535,"y":3.3062591552734377,"z":-63.23517608642578},"rotation":{"x":0.061446864157915118,"y":0.09838128834962845,"z":-0.00640936428681016,"w":0.9933450222015381},"size":1.6684932708740235,"orthographic":false}