{"cameraMode":{"drawMode":0,"name":"Shaded","section":"Shading Mode"},"sceneLighting":true,"audioPlay":false,"sceneViewState":{"m_AlwaysRefresh":false,"showFog":true,"showSkybox":false,"showFlares":true,"showImageEffects":true,"showParticleSystems":true,"showVisualEffectGraphs":true,"m_FxEnabled":true},"in2DMode":false,"pivot":{"x":35.52381896972656,"y":24.795631408691408,"z":-47.314945220947269},"rotation":{"x":-0.1625409871339798,"y":0.07141554355621338,"z":-0.009612089954316616,"w":-0.9843515157699585},"size":32.372032165527347,"orthographic":false}