{"cameraMode":{"drawMode":0,"name":"Shaded","section":"Shading Mode"},"sceneLighting":false,"audioPlay":false,"sceneViewState":{"m_AlwaysRefresh":false,"showFog":true,"showSkybox":false,"showFlares":true,"showImageEffects":true,"showParticleSystems":true,"showVisualEffectGraphs":true,"m_FxEnabled":true},"in2DMode":false,"pivot":{"x":0.10429126769304276,"y":-0.40135693550109866,"z":0.058387018740177158},"rotation":{"x":0.4283464848995209,"y":0.02828562632203102,"z":-0.013714560307562352,"w":0.903285562992096},"size":2.185330629348755,"orthographic":false}