{"cameraMode":{"drawMode":0,"name":"Shaded","section":"Shading Mode"},"sceneLighting":false,"audioPlay":false,"sceneViewState":{"m_AlwaysRefresh":false,"showFog":true,"showSkybox":false,"showFlares":true,"showImageEffects":true,"showParticleSystems":true,"showVisualEffectGraphs":true,"m_FxEnabled":true},"in2DMode":false,"pivot":{"x":-18.450170516967775,"y":2.6668922901153566,"z":-58.123600006103519},"rotation":{"x":-0.04365294799208641,"y":0.6473113298416138,"z":-0.03480212017893791,"w":-0.7606246471405029},"size":2.3174843788146974,"orthographic":false}