{"cameraMode":{"drawMode":0,"name":"Shaded","section":"Shading Mode"},"sceneLighting":false,"audioPlay":false,"sceneViewState":{"m_AlwaysRefresh":false,"showFog":true,"showSkybox":true,"showFlares":true,"showImageEffects":true,"showParticleSystems":true,"showVisualEffectGraphs":true,"m_FxEnabled":true},"in2DMode":false,"pivot":{"x":7.146519660949707,"y":48.69581985473633,"z":-60.19259262084961},"rotation":{"x":0.44499829411506655,"y":-0.027145875617861749,"z":-0.021459463983774186,"w":0.896321713924408},"size":0.8660253882408142,"orthographic":false}