{"cameraMode":{"drawMode":0,"name":"Shaded","section":"Shading Mode"},"sceneLighting":true,"audioPlay":false,"sceneViewState":{"m_AlwaysRefresh":false,"showFog":true,"showSkybox":true,"showFlares":true,"showImageEffects":true,"showParticleSystems":true,"showVisualEffectGraphs":true,"m_FxEnabled":true},"in2DMode":false,"pivot":{"x":36.48313903808594,"y":1.1190170049667359,"z":-139.03323364257813},"rotation":{"x":-0.12903954088687898,"y":-0.22171080112457276,"z":0.04739203304052353,"w":-0.9658523797988892},"size":22.672544479370118,"orthographic":false}