{"cameraMode":{"drawMode":0,"name":"Shaded","section":"Shading Mode"},"sceneLighting":false,"audioPlay":false,"sceneViewState":{"m_AlwaysRefresh":false,"showFog":true,"showSkybox":false,"showFlares":true,"showImageEffects":true,"showParticleSystems":true,"showVisualEffectGraphs":true,"m_FxEnabled":false},"in2DMode":false,"pivot":{"x":0.024581432342529298,"y":1.499999761581421,"z":0.033173203468322757},"rotation":{"x":0.1494656652212143,"y":0.84157395362854,"z":-0.2942444682121277,"w":0.42776408791542055},"size":1.7592612504959107,"orthographic":false}