{"cameraMode":{"drawMode":0,"name":"Shaded","section":"Shading Mode"},"sceneLighting":false,"audioPlay":false,"sceneViewState":{"m_AlwaysRefresh":false,"showFog":true,"showSkybox":false,"showFlares":true,"showImageEffects":true,"showParticleSystems":true,"showVisualEffectGraphs":true,"m_FxEnabled":true},"in2DMode":false,"pivot":{"x":-61.723873138427737,"y":-5.672980308532715,"z":92.4212646484375},"rotation":{"x":0.027322642505168916,"y":-0.02867862768471241,"z":-0.000058076420828001574,"w":0.9994090795516968},"size":117.67669677734375,"orthographic":false}