{"cameraMode":{"drawMode":0,"name":"Shaded","section":"Shading Mode"},"sceneLighting":true,"audioPlay":false,"sceneViewState":{"m_AlwaysRefresh":false,"showFog":true,"showSkybox":false,"showFlares":true,"showImageEffects":true,"showParticleSystems":true,"showVisualEffectGraphs":true,"m_FxEnabled":true},"in2DMode":false,"pivot":{"x":27.1667423248291,"y":9.586220741271973,"z":8.57862663269043},"rotation":{"x":0.037326645106077197,"y":-0.8719192743301392,"z":0.046509649604558948,"w":0.48746082186698916},"size":0.06312990188598633,"orthographic":false}