{"cameraMode":{"drawMode":0,"name":"Shaded","section":"Shading Mode"},"sceneLighting":false,"audioPlay":false,"sceneViewState":{"m_AlwaysRefresh":false,"showFog":true,"showSkybox":false,"showFlares":true,"showImageEffects":true,"showParticleSystems":true,"showVisualEffectGraphs":true,"m_FxEnabled":true},"in2DMode":false,"pivot":{"x":-36.41370391845703,"y":10.771058082580567,"z":-69.34565734863281},"rotation":{"x":-0.16920903325080872,"y":0.17715220153331757,"z":-0.030836906284093858,"w":-0.9693173170089722},"size":24.110809326171876,"orthographic":false}