{"cameraMode":{"drawMode":0,"name":"Shaded","section":"Shading Mode"},"sceneLighting":true,"audioPlay":false,"sceneViewState":{"m_AlwaysRefresh":false,"showFog":true,"showSkybox":false,"showFlares":true,"showImageEffects":true,"showParticleSystems":true,"showVisualEffectGraphs":true,"m_FxEnabled":true},"in2DMode":false,"pivot":{"x":76.15958404541016,"y":2.8151819705963136,"z":21.397205352783204},"rotation":{"x":-0.27643659710884097,"y":0.31710532307624819,"z":-0.09719215333461762,"w":-0.9022795557975769},"size":1.5393435955047608,"orthographic":false}