{"cameraMode":{"drawMode":0,"name":"Shaded","section":"Shading Mode"},"sceneLighting":false,"audioPlay":false,"sceneViewState":{"m_AlwaysRefresh":false,"showFog":true,"showSkybox":false,"showFlares":true,"showImageEffects":true,"showParticleSystems":true,"showVisualEffectGraphs":true,"m_FxEnabled":true},"in2DMode":false,"pivot":{"x":-13.557758331298829,"y":4.496416091918945,"z":-9.401422500610352},"rotation":{"x":-0.00015871506184339523,"y":-0.9838542938232422,"z":0.18087804317474366,"w":0.006301471032202244},"size":5.044487953186035,"orthographic":false}