{"cameraMode":{"drawMode":0,"name":"Shaded","section":"Shading Mode"},"sceneLighting":false,"audioPlay":false,"sceneViewState":{"m_AlwaysRefresh":false,"showFog":true,"showSkybox":false,"showFlares":true,"showImageEffects":true,"showParticleSystems":true,"showVisualEffectGraphs":true,"m_FxEnabled":true},"in2DMode":false,"pivot":{"x":791.9730834960938,"y":299.7842102050781,"z":533.7894287109375},"rotation":{"x":0.06783437728881836,"y":0.0021927226334810259,"z":0.005138013046234846,"w":0.998618483543396},"size":783.5464477539063,"orthographic":false}