{"cameraMode":{"drawMode":0,"name":"Shaded","section":"Shading Mode"},"sceneLighting":true,"audioPlay":false,"sceneViewState":{"m_AlwaysRefresh":false,"showFog":true,"showSkybox":false,"showFlares":true,"showImageEffects":true,"showParticleSystems":true,"showVisualEffectGraphs":true,"m_FxEnabled":true},"in2DMode":false,"pivot":{"x":-4.583603858947754,"y":-14.443499565124512,"z":16.035381317138673},"rotation":{"x":0.19495375454425813,"y":0.4558033049106598,"z":-0.10310545563697815,"w":0.8626314401626587},"size":33.948482513427737,"orthographic":false}