{"cameraMode":{"drawMode":0,"name":"Shaded","section":"Shading Mode"},"sceneLighting":false,"audioPlay":false,"sceneViewState":{"m_AlwaysRefresh":false,"showFog":true,"showSkybox":false,"showFlares":true,"showImageEffects":true,"showParticleSystems":true,"showVisualEffectGraphs":true,"m_FxEnabled":true},"in2DMode":false,"pivot":{"x":-21.89287567138672,"y":1.3854889869689942,"z":-46.782691955566409},"rotation":{"x":0.10219062864780426,"y":0.006378775462508202,"z":0.000997495255433023,"w":0.9952548146247864},"size":4.1380791664123539,"orthographic":false}