{"cameraMode":{"drawMode":0,"name":"Shaded","section":"Shading Mode"},"sceneLighting":true,"audioPlay":false,"sceneViewState":{"m_AlwaysRefresh":false,"showFog":true,"showSkybox":false,"showFlares":true,"showImageEffects":true,"showParticleSystems":true,"showVisualEffectGraphs":true,"m_FxEnabled":true},"in2DMode":false,"pivot":{"x":-12.470230102539063,"y":0.4114999771118164,"z":-28.721866607666017},"rotation":{"x":0.11055115610361099,"y":-0.8007045388221741,"z":0.15590998530387879,"w":0.5677596926689148},"size":31.983983993530275,"orthographic":false}