{"cameraMode":{"drawMode":0,"name":"Shaded","section":"Shading Mode"},"sceneLighting":true,"audioPlay":false,"sceneViewState":{"m_AlwaysRefresh":false,"showFog":true,"showSkybox":false,"showFlares":true,"showImageEffects":true,"showParticleSystems":true,"showVisualEffectGraphs":true,"m_FxEnabled":true},"in2DMode":false,"pivot":{"x":0.012000560760498047,"y":5.961727619171143,"z":-3.571000576019287},"rotation":{"x":-0.07452291250228882,"y":0.13422781229019166,"z":-0.010369198396801949,"w":-0.9880899786949158},"size":37.88996887207031,"orthographic":false}