{"cameraMode":{"drawMode":0,"name":"Shaded","section":"Shading Mode"},"sceneLighting":false,"audioPlay":false,"sceneViewState":{"m_AlwaysRefresh":false,"showFog":true,"showSkybox":false,"showFlares":true,"showImageEffects":true,"showParticleSystems":true,"showVisualEffectGraphs":true,"m_FxEnabled":true},"in2DMode":false,"pivot":{"x":56.09442138671875,"y":-23.449512481689454,"z":4.264556884765625},"rotation":{"x":0.08178436756134033,"y":0.035029422491788867,"z":0.010838232934474945,"w":-0.9964545369148254},"size":142.52972412109376,"orthographic":false}