{"cameraMode":{"drawMode":0,"name":"Shaded","section":"Shading Mode"},"sceneLighting":false,"audioPlay":false,"sceneViewState":{"m_AlwaysRefresh":false,"showFog":true,"showSkybox":false,"showFlares":true,"showImageEffects":true,"showParticleSystems":true,"showVisualEffectGraphs":true,"m_FxEnabled":true},"in2DMode":false,"pivot":{"x":0.39241355657577517,"y":3.9815125465393068,"z":5.894758701324463},"rotation":{"x":-0.0001555734925204888,"y":-0.9682378768920898,"z":0.2511679530143738,"w":-0.002979185665026307},"size":0.4872031807899475,"orthographic":false}