{"cameraMode":{"drawMode":0,"name":"Shaded","section":"Shading Mode"},"sceneLighting":true,"audioPlay":false,"sceneViewState":{"m_AlwaysRefresh":false,"showFog":true,"showSkybox":false,"showFlares":true,"showImageEffects":true,"showParticleSystems":true,"showVisualEffectGraphs":true,"m_FxEnabled":true},"in2DMode":false,"pivot":{"x":-2.3740055561065676,"y":1.2416337728500367,"z":0.17046888172626496},"rotation":{"x":-0.2023411989212036,"y":-0.6527197957038879,"z":0.18729306757450105,"w":-0.7057713270187378},"size":0.8660253882408142,"orthographic":false}