{"cameraMode":{"drawMode":0,"name":"Shaded","section":"Shading Mode"},"sceneLighting":false,"audioPlay":false,"sceneViewState":{"m_AlwaysRefresh":false,"showFog":true,"showSkybox":false,"showFlares":true,"showImageEffects":true,"showParticleSystems":true,"showVisualEffectGraphs":true,"m_FxEnabled":false},"in2DMode":false,"pivot":{"x":0.04194195568561554,"y":6.854584693908691,"z":3.2150373458862306},"rotation":{"x":-0.40949559211730959,"y":0.00584628339856863,"z":-0.0014898543013259769,"w":-0.9125216007232666},"size":9.23958683013916,"orthographic":false}