{"cameraMode":{"drawMode":0,"name":"Shaded","section":"Shading Mode"},"sceneLighting":true,"audioPlay":false,"sceneViewState":{"m_AlwaysRefresh":false,"showFog":true,"showSkybox":false,"showFlares":true,"showImageEffects":true,"showParticleSystems":true,"showVisualEffectGraphs":true,"m_FxEnabled":true},"in2DMode":false,"pivot":{"x":-36.625465393066409,"y":15.645530700683594,"z":-28.10259437561035},"rotation":{"x":0.13685302436351777,"y":0.09100517630577088,"z":-0.014654658734798432,"w":0.986787736415863},"size":2.6251816749572756,"orthographic":false}