{"cameraMode":{"drawMode":0,"name":"Shaded","section":"Shading Mode"},"sceneLighting":false,"audioPlay":false,"sceneViewState":{"m_AlwaysRefresh":false,"showFog":true,"showSkybox":false,"showFlares":true,"showImageEffects":true,"showParticleSystems":true,"showVisualEffectGraphs":true,"m_FxEnabled":true},"in2DMode":false,"pivot":{"x":-8.226000785827637,"y":12.319999694824219,"z":2.2100000381469728},"rotation":{"x":-0.17670951783657075,"y":0.11201152950525284,"z":-0.020205607637763025,"w":-0.9776752591133118},"size":0.8660253882408142,"orthographic":false}