{"cameraMode":{"drawMode":0,"name":"Shaded","section":"Shading Mode"},"sceneLighting":false,"audioPlay":false,"sceneViewState":{"m_AlwaysRefresh":false,"showFog":true,"showSkybox":false,"showFlares":true,"showImageEffects":true,"showParticleSystems":true,"showVisualEffectGraphs":true,"m_FxEnabled":true},"in2DMode":false,"pivot":{"x":1.1699999570846558,"y":1.1549999713897706,"z":0.23400002717971803},"rotation":{"x":-0.3749687075614929,"y":0.004193504806607962,"z":-0.001500696875154972,"w":-0.9271742105484009},"size":1.0878565311431885,"orthographic":false}