{"cameraMode":{"drawMode":0,"name":"Shaded","section":"Shading Mode"},"sceneLighting":false,"audioPlay":false,"sceneViewState":{"m_AlwaysRefresh":false,"showFog":true,"showSkybox":false,"showFlares":true,"showImageEffects":true,"showParticleSystems":true,"showVisualEffectGraphs":true,"m_FxEnabled":true},"in2DMode":false,"pivot":{"x":28.537641525268556,"y":553.087158203125,"z":-46.42748260498047},"rotation":{"x":0.03938404098153114,"y":-0.0018141350010409952,"z":-0.007636754307895899,"w":1.0001736879348755},"size":12.096938133239746,"orthographic":false}