{"cameraMode":{"drawMode":0,"name":"Shaded","section":"Shading Mode"},"sceneLighting":false,"audioPlay":false,"sceneViewState":{"m_AlwaysRefresh":false,"showFog":true,"showSkybox":false,"showFlares":true,"showImageEffects":true,"showParticleSystems":true,"showVisualEffectGraphs":true,"m_FxEnabled":true},"in2DMode":false,"pivot":{"x":-8.348888397216797,"y":10.098835945129395,"z":-1.2603068351745606},"rotation":{"x":0.005014886148273945,"y":-0.9444246888160706,"z":0.32857227325439455,"w":0.01435497123748064},"size":4.436246871948242,"orthographic":false}