{"cameraMode":{"drawMode":0,"name":"Shaded","section":"Shading Mode"},"sceneLighting":true,"audioPlay":false,"sceneViewState":{"m_AlwaysRefresh":false,"showFog":true,"showSkybox":false,"showFlares":true,"showImageEffects":true,"showParticleSystems":true,"showVisualEffectGraphs":true,"m_FxEnabled":true},"in2DMode":false,"pivot":{"x":0.7830823659896851,"y":8.059325218200684,"z":1.1214172840118409},"rotation":{"x":-0.27160292863845827,"y":0.0031231858301907779,"z":-0.008981253020465374,"w":-0.9634473919868469},"size":6.661473751068115,"orthographic":false}