{"cameraMode":{"drawMode":0,"name":"Shaded","section":"Shading Mode"},"sceneLighting":false,"audioPlay":false,"sceneViewState":{"m_AlwaysRefresh":false,"showFog":true,"showSkybox":false,"showFlares":true,"showImageEffects":true,"showParticleSystems":true,"showVisualEffectGraphs":true,"m_FxEnabled":true},"in2DMode":false,"pivot":{"x":-6.28000020980835,"y":2.8299999237060549,"z":-2.990000009536743},"rotation":{"x":0.17277225852012635,"y":-0.08557876944541931,"z":0.015069867484271527,"w":0.9811223745346069},"size":0.7467260956764221,"orthographic":false}