{"cameraMode":{"drawMode":0,"name":"Shaded","section":"Shading Mode"},"sceneLighting":true,"audioPlay":false,"sceneViewState":{"m_AlwaysRefresh":false,"showFog":true,"showSkybox":false,"showFlares":true,"showImageEffects":true,"showParticleSystems":true,"showVisualEffectGraphs":true,"m_FxEnabled":true},"in2DMode":false,"pivot":{"x":-1.4078106880187989,"y":2.9444446563720705,"z":2.2535598278045656},"rotation":{"x":-0.05012783408164978,"y":-0.9474493861198425,"z":0.25316908955574038,"w":-0.18978889286518098},"size":1.7408044338226319,"orthographic":false}